{
    "timestamp": "2026-03-16T23:01:26.255116",
    "J_N_per_m": 13141.540094451482,
    "KI_Pa_sqrt_m": 30994299.167821225,
    "material": {
        "E": 73100000000.0,
        "nu": 0.33,
        "plane_stress": true,
        "thickness": 0.002
    },
    "geometry": {
        "W": 0.2,
        "H": 0.1,
        "a": 0.04
    },
    "loading": {
        "traction": 50000000.0
    }
}