{
    "timestamp": "2026-03-17T03:46:49.474773",
    "J_N_per_m": 3858.295473469445,
    "KI_Pa_sqrt_m": 16794088.21909116,
    "material": {
        "E": 73100000000.0,
        "nu": 0.33,
        "plane_stress": true,
        "thickness": 0.002
    },
    "geometry": {
        "W": 0.2,
        "H": 0.1,
        "a": 0.02
    },
    "loading": {
        "traction": 50000000.0
    }
}