{
    "timestamp": "2026-03-17T03:35:12.428999",
    "J_N_per_m": 5377.016520604105,
    "KI_Pa_sqrt_m": 19825738.514773164,
    "material": {
        "E": 73100000000.0,
        "nu": 0.33,
        "plane_stress": true,
        "thickness": 0.002
    },
    "geometry": {
        "W": 0.2,
        "H": 0.1,
        "a": 0.025
    },
    "loading": {
        "traction": 50000000.0
    }
}