x,y_upper,y_lower,uy_upper,uy_lower,node_upper,node_lower,dx_match,r,cod,KI
0.0258,2.5e-06,-2.5e-06,3.1011e-06,-3.0986e-06,4140,4125,0.0,0.0011999999999999997,6.199699999999999e-06,4099183.6501923203
0.02565,2.8124999999999998e-06,-2.8124999999999998e-06,3.2919e-06,-3.2891e-06,4141,4124,0.0,0.0013500000000000005,6.581e-06,4102440.875426633
0.025500000000000002,3.125e-06,-3.125e-06,3.4715e-06,-3.4686e-06,4142,4123,0.0,0.0014999999999999979,6.9401e-06,4104284.172865431
0.02535,3.4375e-06,-3.4375e-06,3.6411e-06,-3.6387e-06,4143,4122,0.0,0.0016499999999999987,7.2798e-06,4104826.4493286465
0.0252,3.75e-06,-3.75e-06,3.8029e-06,-3.8005000000000003e-06,4144,4121,0.0,0.0017999999999999995,7.603400000000001e-06,4104770.77953822
0.025050000000000003,4.0625000000000005e-06,-4.0625000000000005e-06,3.9575e-06,-3.9552e-06,4145,4120,0.0,0.0019499999999999969,7.9127e-06,4104164.1150402366
0.0249,4.3750000000000005e-06,-4.3750000000000005e-06,4.1057e-06,-4.1036e-06,4146,4119,0.0,0.002100000000000001,8.2093e-06,4103116.0792799285
0.02475,4.6875e-06,-4.6875e-06,4.2483000000000005e-06,-4.2462e-06,4147,4118,0.0,0.0022499999999999985,8.494500000000001e-06,4101699.934379156
