{
  "run_name": "meshrun_0.055mm",
  "W": 0.2,
  "H": 0.1,
  "a": 0.055,
  "crack_gap": 5e-05,
  "E": 73100000000.0,
  "nu": 0.33,
  "plane_stress": true,
  "thickness": 0.005,
  "traction_top": [
    0.0,
    50000000.0
  ],
  "traction_bottom": [
    0.0,
    0.0
  ],
  "J": 11678.789721203626,
  "KI": 29218479.231814668,
  "manifest_hash_sha256": "fb6ead1199e2cf3860830b4b2d7b3d79fbb28d7bd1f981e473a429f7d3bca960"
}