{
    "timestamp": "2026-03-17T04:23:36.404659",
    "J_N_per_m": 10044.793719430794,
    "KI_Pa_sqrt_m": 27097498.42495412,
    "material": {
        "E": 73100000000.0,
        "nu": 0.33,
        "plane_stress": true,
        "thickness": 0.002
    },
    "geometry": {
        "W": 0.2,
        "H": 0.1,
        "a": 0.035
    },
    "loading": {
        "traction": 50000000.0
    }
}