{
  "n_points": 11,
  "delta_k_th": 3.715,
  "KIC": 25.0,
  "a_crit_m": 0.03226172460553735,
  "N_crit_cycles": 201475.14432487005,
  "manifest_hash_sha256": "f4fe813f2b6216cd7e535864bb9d04ed2277fe523626cb025b573691a7dbfd17"
}