{
    "timestamp": "2026-03-17T01:45:59.189439",
    "J_N_per_m": 2683.2472568297253,
    "KI_Pa_sqrt_m": 14005190.983140962,
    "material": {
        "E": 73100000000.0,
        "nu": 0.33,
        "plane_stress": true,
        "thickness": 0.002
    },
    "geometry": {
        "W": 0.2,
        "H": 0.1,
        "a": 0.015
    },
    "loading": {
        "traction": 50000000.0
    }
}