{
  "run_name": "meshrun_0.045mm",
  "W": 0.2,
  "H": 0.1,
  "a": 0.045,
  "crack_gap": 5e-05,
  "E": 73100000000.0,
  "nu": 0.33,
  "plane_stress": true,
  "thickness": 0.002,
  "traction_top": [
    0.0,
    50000000.0
  ],
  "traction_bottom": [
    0.0,
    0.0
  ],
  "J": 15969.37158793479,
  "KI": 34166665.96374357
}