{
    "timestamp": "2026-03-17T04:28:24.351470",
    "J_N_per_m": 12868.58728754508,
    "KI_Pa_sqrt_m": 30670730.847496044,
    "material": {
        "E": 73100000000.0,
        "nu": 0.33,
        "plane_stress": true,
        "thickness": 0.002
    },
    "geometry": {
        "W": 0.2,
        "H": 0.1,
        "a": 0.04
    },
    "loading": {
        "traction": 50000000.0
    }
}