{
    "timestamp": "2026-03-17T04:01:39.693071",
    "J_N_per_m": 7465.502250260216,
    "KI_Pa_sqrt_m": 23360826.494240776,
    "material": {
        "E": 73100000000.0,
        "nu": 0.33,
        "plane_stress": true,
        "thickness": 0.002
    },
    "geometry": {
        "W": 0.2,
        "H": 0.1,
        "a": 0.03
    },
    "loading": {
        "traction": 50000000.0
    }
}