{
  "run_name": "meshrun_0.03mm",
  "W": 0.2,
  "H": 0.1,
  "a": 0.03,
  "crack_gap": 5e-05,
  "E": 73100000000.0,
  "nu": 0.33,
  "plane_stress": true,
  "thickness": 0.002,
  "traction_top": [
    0.0,
    50000000.0
  ],
  "traction_bottom": [
    0.0,
    0.0
  ],
  "J": 7465.502250260216,
  "KI": 23360826.494240776
}