x,y_upper,y_lower,uy_upper,uy_lower,node_upper,node_lower,dx_match,r,cod,KI
0.021792000000000002,3.7735999999999998e-06,-3.7735999999999998e-06,3.0041e-06,-2.9984999999999998e-06,3114,3099,0.0,0.0012079999999999973,6.0026e-06,3955699.212910046
0.021640999999999997,4.2453e-06,-4.2453e-06,3.1883e-06,-3.1829e-06,3115,3098,0.0,0.0013590000000000026,6.3712e-06,3958483.4553388865
0.021491,4.717e-06,-4.717e-06,3.3612e-06,-3.3566e-06,3116,3097,0.0,0.001509,6.7178e-06,3960953.7763452004
0.02134,5.1887e-06,-5.1887e-06,3.5255e-06,-3.5209e-06,3117,3096,0.0,0.0016599999999999983,7.0464e-06,3961234.6846029847
0.021189,5.6604e-06,-5.6604e-06,3.6819000000000003e-06,-3.6773000000000004e-06,3118,3095,0.0,0.0018110000000000001,7.359200000000001e-06,3960852.819420753
0.021038,6.1321e-06,-6.1321e-06,3.831e-06,-3.8266e-06,3119,3094,0.0,0.0019619999999999985,7.6576e-06,3959683.7340964177
0.020887,6.6038e-06,-6.6038e-06,3.9739e-06,-3.9698e-06,3120,3093,0.0,0.0021130000000000003,7.9437e-06,3958133.2442419273
0.020736,7.0755e-06,-7.0755e-06,4.1117e-06,-4.1073000000000005e-06,3121,3092,0.0,0.0022639999999999987,8.219e-06,3956380.8704639156
