x,y_upper,y_lower,uy_upper,uy_lower,node_upper,node_lower,dx_match,r,cod,KI
0.018556000000000003,2.7778e-06,-2.7778e-06,3.2881e-06,-3.2795e-06,3133,3128,0.0,0.0004439999999999965,6.5676e-06,7138920.297078519
0.018407,3.7037e-06,-3.7037e-06,3.8158e-06,-3.8031e-06,3134,3127,0.0,0.0005929999999999998,7.6189e-06,7166089.878123987
0.018259,4.6296000000000005e-06,-4.6296000000000005e-06,4.2779e-06,-4.2634e-06,3135,3126,0.0,0.0007409999999999986,8.541299999999999e-06,7186744.349920015
0.018111000000000002,5.5556e-06,-5.5556e-06,4.6873e-06,-4.6721000000000005e-06,3136,3125,0.0,0.0008889999999999974,9.3594e-06,7189760.969988837
0.017963,6.4815000000000005e-06,-6.4815000000000005e-06,5.0615e-06,-5.0454e-06,3137,3124,0.0,0.0010369999999999997,1.01069e-05,7188626.419482243
0.017815,7.4074e-06,-7.4074e-06,5.4051e-06,-5.3908999999999995e-06,3138,3123,0.0,0.0011849999999999986,1.0796e-05,7183250.716640069
0.017667000000000002,8.3333e-06,-8.3333e-06,5.7257e-06,-5.713e-06,3139,3122,0.0,0.0013329999999999974,1.14387e-05,7175941.99350945
0.017519,9.2593e-06,-9.2593e-06,6.0269e-06,-6.0143999999999995e-06,3140,3121,0.0,0.0014809999999999997,1.20413e-05,7166600.104087003
