{
  "run_name": "meshrun_0.05mm",
  "W": 0.2,
  "H": 0.1,
  "a": 0.05,
  "crack_gap": 5e-05,
  "E": 73100000000.0,
  "nu": 0.33,
  "plane_stress": true,
  "thickness": 0.002,
  "traction_top": [
    0.0,
    50000000.0
  ],
  "traction_bottom": [
    0.0,
    0.0
  ],
  "J": 21365.43896568544,
  "KI": 39519787.301953
}