{
    "timestamp": "2026-03-17T04:32:56.130197",
    "J_N_per_m": 15969.37158793479,
    "KI_Pa_sqrt_m": 34166665.96374357,
    "material": {
        "E": 73100000000.0,
        "nu": 0.33,
        "plane_stress": true,
        "thickness": 0.002
    },
    "geometry": {
        "W": 0.2,
        "H": 0.1,
        "a": 0.045
    },
    "loading": {
        "traction": 50000000.0
    }
}