{
    "timestamp": "2026-03-17T04:46:16.444870",
    "J_N_per_m": 26865.410923625288,
    "KI_Pa_sqrt_m": 44315477.414973296,
    "material": {
        "E": 73100000000.0,
        "nu": 0.33,
        "plane_stress": true,
        "thickness": 0.002
    },
    "geometry": {
        "W": 0.2,
        "H": 0.1,
        "a": 0.055
    },
    "loading": {
        "traction": 50000000.0
    }
}