{
    "timestamp": "2026-03-16T23:31:27.829091",
    "J_N_per_m": 12290.431195277602,
    "KI_Pa_sqrt_m": 29973830.59228154,
    "material": {
        "E": 73100000000.0,
        "nu": 0.33,
        "plane_stress": true,
        "thickness": 0.002
    },
    "geometry": {
        "W": 0.2,
        "H": 0.1,
        "a": 0.04
    },
    "loading": {
        "traction": 50000000.0
    }
}