{
  "run_name": "meshrun_0.055mm",
  "W": 0.2,
  "H": 0.1,
  "a": 0.055,
  "crack_gap": 5e-05,
  "E": 73100000000.0,
  "nu": 0.33,
  "plane_stress": true,
  "thickness": 0.002,
  "traction_top": [
    0.0,
    50000000.0
  ],
  "traction_bottom": [
    0.0,
    0.0
  ],
  "J": 26865.410923625288,
  "KI": 44315477.414973296
}