{
    "timestamp": "2026-03-17T04:40:16.591309",
    "J_N_per_m": 21365.43896568544,
    "KI_Pa_sqrt_m": 39519787.301953,
    "material": {
        "E": 73100000000.0,
        "nu": 0.33,
        "plane_stress": true,
        "thickness": 0.002
    },
    "geometry": {
        "W": 0.2,
        "H": 0.1,
        "a": 0.05
    },
    "loading": {
        "traction": 50000000.0
    }
}