{
    "timestamp": "2026-03-17T01:27:12.451749",
    "J_N_per_m": 1623.3555036642358,
    "KI_Pa_sqrt_m": 10893451.579635154,
    "material": {
        "E": 73100000000.0,
        "nu": 0.33,
        "plane_stress": true,
        "thickness": 0.002
    },
    "geometry": {
        "W": 0.2,
        "H": 0.1,
        "a": 0.01
    },
    "loading": {
        "traction": 50000000.0
    }
}