{
    "timestamp": "2026-03-16T22:55:48.737115",
    "J_N_per_m": 12099.372180199882,
    "KI_Pa_sqrt_m": 29739941.263772048,
    "material": {
        "E": 73100000000.0,
        "nu": 0.33,
        "plane_stress": true,
        "thickness": 0.002
    },
    "geometry": {
        "W": 0.2,
        "H": 0.1,
        "a": 0.04
    },
    "loading": {
        "traction": 50000000.0
    }
}